Frequency,Service,System,Site,License,County,State
26.13,RP,Alabama Educational Television Commission,-,-,Jefferson,AL
26.47,RP,Alabama Educational Television Commission,-,-,Macon,AL
44.58,IG,BNSF Railway Co.,-,-,Jefferson,AL
46,HAM,Top Golf - HAM,-,-,Jefferson,AL
47.42,PW,American National Red Cross,-,-,Jefferson,AL
47.48,IG,Hardin Jr.,-,-,Jefferson,AL
48.62,IG,Hardin Jr.,-,-,Jefferson,AL
49.12,IG,Hardin Jr.,-,-,Jefferson,AL
49.48,IG,Hardin Jr.,-,-,Jefferson,AL
53.09,HAM,HAM - HAM,-,-,Jefferson,AL
53.11,HAM,HAM - HAM,-,-,Jefferson,AL
72.54,IG,Birmingham Terminal Railway,-,-,Jefferson,AL
72.58,IG,Birmingham Terminal Railway,-,-,Jefferson,AL
72.6,IG,Birmingham Terminal Railway,-,-,Jefferson,AL
75.58,IG,Birmingham Terminal Railway,-,-,Jefferson,AL
75.6,IG,Birmingham Terminal Railway,-,-,Jefferson,AL
88.1,FM,WSJL - FMRADIO,-,-,Jefferson,AL
88.5,FM,WLJR - FMRADIO,-,-,Jefferson,AL
88.9,FM,WMFT - FMRADIO,-,-,Jefferson,AL
89.5,FM,WBFR - FMRADIO,-,-,Jefferson,AL
89.7,FM,KRLE - FMRADIO,-,-,Jefferson,AL
89.9,FM,W210CA\A0(WJWA) - FMRADIO,-,-,Jefferson,AL
90.3,FM,WBHM - FMRADIO,-,-,Jefferson,AL
90.7,FM,WJJL - FMRADIO,-,-,Jefferson,AL
91.1,FM,WAJH - FMRADIO,-,-,Jefferson,AL
91.9,FM,WGIB - FMRADIO,-,-,Jefferson,AL
92.1,FM,WKUL - FMRADIO,-,-,Jefferson,AL
92.9,FM,WTUG - FMRADIO,-,-,Jefferson,AL
93.7,FM,WDJC - FMRADIO,-,-,Jefferson,AL
94.5,FM,WJOX - FMRADIO,-,-,Jefferson,AL
94.9,FM,W235BS\A0(WATV-AM) - FMRADIO,-,-,Jefferson,AL
95.1,FM,WSYP\A0(LPFM) - FMRADIO,-,-,Jefferson,AL
95.7,FM,WBHJ - FMRADIO,-,-,Jefferson,AL
96.1,FM,W241AI\A0(WMJJ-HD3) - FMRADIO,-,-,Jefferson,AL
96.5,FM,WMJJ - FMRADIO,-,-,Jefferson,AL
96.9,FM,WRSA - FMRADIO,-,-,Jefferson,AL
97.3,FM,WKVV - FMRADIO,-,-,Jefferson,AL
97.9,FM,W262AR\A0(WMMA-AM) - FMRADIO,-,-,Jefferson,AL
98.1,FM,WTXT - FMRADIO,-,-,Jefferson,AL
98.7,FM,WBHK - FMRADIO,-,-,Jefferson,AL
99.1,FM,W256CD\A0(WBHJ) - FMRADIO,-,-,Jefferson,AL
99.5,FM,WZRR - FMRADIO,-,-,Jefferson,AL
100.1,FM,W261BX\A0(WBPT-HD2) - FMRADIO,-,-,Jefferson,AL
100.5,FM,WJQX - FMRADIO,-,-,Jefferson,AL
101.1,FM,WXJC - FMRADIO,-,-,Jefferson,AL
102.1,FM,W271BN\A0(WZZK) - FMRADIO,-,-,Jefferson,AL
102.5,FM,WDXB - FMRADIO,-,-,Jefferson,AL
103.1,FM,W276BQ\A0(WMJJ-HD2) - FMRADIO,-,-,Jefferson,AL
103.7,FM,WQEN - FMRADIO,-,-,Jefferson,AL
104.1,FM,W281AB\A0(WJLD-AM) - FMRADIO,-,-,Jefferson,AL
104.7,FM,WZZK - FMRADIO,-,-,Jefferson,AL
105.1,FM,W286BK\A0(WERC) - FMRADIO,-,-,Jefferson,AL
105.5,FM,WERC - FMRADIO,-,-,Jefferson,AL
106.1,FM,W291DC\A0(WBHM) - FMRADIO,-,-,Jefferson,AL
106.3,FM,W292EI\A0(WBHJ) - FMRADIO,-,-,Jefferson,AL
106.5,FM,W293CM\A0(WERC) - FMRADIO,-,-,Jefferson,AL
106.9,FM,WBPT - FMRADIO,-,-,Jefferson,AL
107.3,FM,W297BF\A0(WBPT) - FMRADIO,-,-,Jefferson,AL
107.7,FM,WUHT - FMRADIO,-,-,Jefferson,AL
129.425,IG,"Fairfield Southern Company, LLC",-,-,Jefferson,AL
129.55,AF,"	Aviation Spectrum Resources Inc",-,-,Jefferson,AL
129.65,AF,Aviation Spectrum Resources Inc,-,-,Jefferson,AL
130.575,AF,Aviation Spectrum Resources Inc,-,-,Jefferson,AL
130.975,AF,"	Aviation Spectrum Resources Inc",-,-,Jefferson,AL
131.55,AF,Aviation Spectrum Resources Inc,-,-,Jefferson,AL
131.7,AF,Aviation Spectrum Resources Inc,-,-,Jefferson,AL
131.8,AF,Aviation Spectrum Resources Inc,-,-,Jefferson,AL
131.925,AF,Aviation Spectrum Resources Inc,-,-,Jefferson,AL
131.975,AF,Aviation Spectrum Resources Inc,-,-,Jefferson,AL
136.975,AF,Aviation Spectrum Resources Inc,-,-,Jefferson,AL
144.96,HAM,Birmingham D-STAR - HAM,-,-,Jefferson,AL
145.15,HAM,Sylvan Springs Amateur Radio Club (SkyWarn) - HAM,-,-,Jefferson,AL
145.41,HAM,Birmingham - HAM,-,-,Jefferson,AL
145.45,HAM,KE4QCY - HAM,-,-,Jefferson,AL
146.76,HAM,Skywarn (ARES Backup) - HAM,-,-,Jefferson,AL
146.88,HAM,Birmingham Amateur Radio Club (ARES/SKYWARN Primary) - HAM,-,-,Jefferson,AL
147.075,HAM,Trafford - HAM,-,-,Jefferson,AL
147.14,HAM,WA4CYA - HAM,-,-,Jefferson,AL
147.28,HAM,W4TPA - HAM,-,-,Jefferson,AL
151.085,PW,Air Methods,-,-,Jefferson,AL
151.175,PW,Alabama Forestry Commission,-,-,Jefferson,AL
151.19,PW,Alabama Forestry Commission,-,-,Jefferson,AL
151.2275,PW,Alabama Forestry Commission,-,-,Jefferson,AL
151.31,PW,Alabama Forestry Commission,-,-,Jefferson,AL
151.325,PW,Alabama Forestry Commission,-,-,Jefferson,AL
151.385,PW,Alabama Forestry Commission,-,-,Jefferson,AL
151.3925,PW,Alabama Forestry Commission,-,-,Jefferson,AL
151.415,PW,Alabama Forestry Commission,-,-,Jefferson,AL
151.55,IG,Hm Southeast Cement Llc,-,-,Jefferson,AL
151.625,IG,Lehigh Portland Cement Company,-,-,Jefferson,AL
151.655,IG,American Cast Iron Pipe,-,-,Jefferson,AL
151.685,IG,Vulcan Materials Inc,-,-,Jefferson,AL
151.775,IG,American Cast Iron Pipe,-,-,Jefferson,AL
151.865,IG,Norfolk Southern Railway Company,-,-,Jefferson,AL
151.91,IG,Hm Southeast Cement Llc,-,-,Jefferson,AL
151.955,IG,Abc Coke Inc,-,-,Jefferson,AL
152.2775,IG,Abc Coke Inc,-,-,Jefferson,AL
152.285,IG,Birmingham Terminal Railway,-,-,Jefferson,AL
152.3,IG,Walter Coke - Operations [Expired 2/22],-,-,Jefferson,AL
152.3075,IG,Gracom Solutions Llc,-,-,Jefferson,AL
152.3225,IG,Survival Flight Inc.,-,-,Jefferson,AL
152.345,IG,Birmingham Terminal Railway,-,-,Jefferson,AL
152.3675,YG,Abc Coke Inc,-,-,Jefferson,AL
152.435,IG,Birmingham Terminal Railway,-,-,Jefferson,AL
152.465,IG,Lehigh Portland Cement Company,-,-,Jefferson,AL
152.87,IG,Hardin Jr.,-,-,Jefferson,AL
152.8775,IG,Survival Flight Inc.,-,-,Jefferson,AL
152.93,IG,Lehigh Portland Cement Company,-,-,Jefferson,AL
152.96,IG,Hm Southeast Cement Llc,-,-,Jefferson,AL
152.9675,IG,Gracom Solutions Llc,-,-,Jefferson,AL
152.975,IG,Abc Coke Inc,-,-,Jefferson,AL
152.9825,IG,Survival Flight Inc.,-,-,Jefferson,AL
153.005,IG,Peabody Southeast Mining Llc,-,-,Jefferson,AL
153.05,IG,Walter Coke - Operations [Expired 2/22],-,-,Jefferson,AL
153.155,IG,American Cast Iron Pipe,-,-,Jefferson,AL
153.185,IG,Spire - Alabama,-,-,Jefferson,AL
153.23,IG,Hardin Jr.,-,-,Jefferson,AL
153.26,IG,Walter Coke - Operations [Expired 2/22],-,-,Jefferson,AL
153.29,IG,Watco Alabama Port Services,-,-,Jefferson,AL
153.305,IG,Walter Coke - Operations [Expired 2/22],-,-,Jefferson,AL
153.35,YG,Abc Coke Inc,-,-,Jefferson,AL
153.365,IG,Spire - Alabama,-,-,Jefferson,AL
153.44,IG,Watco Alabama Port Services,-,-,Jefferson,AL
153.515,IG,Spire - Alabama,-,-,Jefferson,AL
153.545,IG,Peabody Southeast Mining Llc,-,-,Jefferson,AL
153.62,IG,Watco Alabama Port Services,-,-,Jefferson,AL
153.635,IG,Spire - Alabama,-,-,Jefferson,AL
154.31,PW,West Jefferson,-,-,Jefferson,AL
154.45625,IG,Pgp Operating Llc,-,-,Jefferson,AL
154.46375,IG,Spire - Alabama,-,-,Jefferson,AL
154.47875,IG,Pgp Operating Llc,-,-,Jefferson,AL
154.4825,IG,Vulcan Materials Inc,-,-,Shelby,AL
154.4975,IG,Hm Southeast Cement Llc,-,-,Jefferson,AL
154.505,IG,Vulcan Materials Inc,-,-,Jefferson,AL
154.515,IG,Watco Alabama Port Services,-,-,Jefferson,AL
155.355,PW,Air Methods,-,-,Jefferson,AL
156.45,MC,ALABAMA POWER COMPANY,-,-,Jefferson,AL
156.5,MC,ALABAMA POWER COMPANY,-,-,Jefferson,AL
156.8,MC,ALABAMA POWER COMPANY,-,-,Jefferson,AL
157.5375,YG,Abc Coke Inc,-,-,Jefferson,AL
157.545,IG,Birmingham Terminal Railway,-,-,Jefferson,AL
157.5825,IG,Survival Flight Inc.,-,-,Jefferson,AL
157.605,IG,Birmingham Terminal Railway,-,-,Jefferson,AL
157.6275,YG,Abc Coke Inc,-,-,Jefferson,AL
157.695,IG,Birmingham Terminal Railway,-,-,Jefferson,AL
157.725,IG,Lehigh Portland Cement Company,-,-,Jefferson,AL
158.16,IG,Spire - Alabama,-,-,Jefferson,AL
158.175,IG,Peabody Southeast Mining Llc,-,-,Jefferson,AL
158.205,IG,Spire - Alabama,-,-,Jefferson,AL
158.235,IG,Peabody Southeast Mining Llc,-,-,Jefferson,AL
158.25,IG,Spire - Alabama,-,-,Jefferson,AL
158.415,IG,Watco Alabama Port Services,-,-,Jefferson,AL
159.225,PW,West Jefferson,-,-,Jefferson,AL
159.285,PW,Alabama Forestry Commission,-,-,Jefferson,AL
159.315,PW,Alabama Forestry Commission,-,-,Jefferson,AL
159.3225,PW,Alabama Forestry Commission,-,-,Jefferson,AL
159.3975,PW,Alabama Forestry Commission,-,-,Jefferson,AL
159.405,PW,Alabama Forestry Commission,-,-,Jefferson,AL
159.42,PW,Alabama Forestry Commission,-,-,Jefferson,AL
159.465,PW,Alabama Forestry Commission,-,-,Jefferson,AL
159.51,IG,Ttx,-,-,Jefferson,AL
159.555,YG,Abc Coke Inc,-,-,Jefferson,AL
159.645,IG,Hm Southeast Cement Llc,-,-,Jefferson,AL
159.735,YG,Abc Coke Inc,-,-,Jefferson,AL
159.7425,IG,Survival Flight Inc.,-,-,Jefferson,AL
159.75,YG,Abc Coke Inc,-,-,Jefferson,AL
159.81,IK,Young,-,-,Jefferson,AL
159.825,YG,Abc Coke Inc,-,-,Jefferson,AL
159.885,IG,Spire - Alabama,-,-,Jefferson,AL
159.9075,IG,Survival Flight Inc.,-,-,Jefferson,AL
159.93,IG,Vulcan Materials Inc,-,-,Jefferson,AL
159.99,IG,Vulcan Materials Inc,-,-,Jefferson,AL
160.0275,IG,Hm Southeast Cement Llc,-,-,Jefferson,AL
160.095,IG,Hm Southeast Cement Llc,-,-,Jefferson,AL
160.14,IG,Alabama Warrior Railway,-,-,Jefferson,AL
160.1475,IG,Hm Southeast Cement Llc,-,-,Jefferson,AL
160.155,YG,Abc Coke Inc,-,-,Jefferson,AL
160.2,IG,Alabama Warrior Railway Llc,-,-,Jefferson,AL
160.215,IG,Norfolk Southern Railway Company,-,-,Jefferson,AL
160.23,IG,Csx Transportation Inc,-,-,Mobile,AL
160.245,IG,Alabama Great Southern Railroad,-,-,Jefferson,AL
160.26,IG,Csx Transportation Inc,-,-,Mobile,AL
160.2675,IG,BNSF Railway Co.,-,-,Jefferson,AL
160.275,IG,Norfolk Southern Railway Company,-,-,Jefferson,AL
160.29,IG,Birmingham Terminal Railway,-,-,Jefferson,AL
160.305,IG,Csx Transportation Inc,-,-,Jefferson,AL
160.335,IG,Birmingham Terminal Railway,-,-,Jefferson,AL
160.35,IG,Csx Transportation Inc,-,-,Jefferson,AL
160.365,IG,Norfolk Southern Railway Company,-,-,Jefferson,AL
160.38,IG,Csx Transportation Inc,-,-,Jefferson,AL
160.395,IG,Csx Transportation Inc,-,-,Jefferson,AL
160.41,IG,Csx Transportation Inc,-,-,Jefferson,AL
160.425,IG,Birmingham Terminal Railway,-,-,Jefferson,AL
160.44,IG,Csx Transportation Inc,-,-,Jefferson,AL
160.455,IG,Csx Transportation Inc,-,-,Mobile,AL
160.4625,IG,Csx Transportation Inc,-,-,Mobile,AL
160.47,IG,Csx Transportation Inc,-,-,Mobile,AL
160.485,IG,Bnsf Railway Co.,-,-,Jefferson,AL
160.5,IG,Norfolk Southern Railway Company,-,-,Jefferson,AL
160.515,IG,Norfolk Southern Railway Company,-,-,Jefferson,AL
160.53,IG,Norfolk Southern Railway Company,-,-,Jefferson,AL
160.55,IG,NORFOLK SOUTHERN RAILWAY COMPANY,-,-,Jefferson,AL
160.56,IG,Birmingham Terminal Railway (BHRR) - Backup/Unused (Ch 15),-,-,Jefferson,AL
160.575,IG,Birmingham Terminal Railway (BHRR) - Backup/Unused (Ch 1),-,-,Jefferson,AL
160.59,IG,Csx Transportation Inc,-,-,Jefferson,AL
160.605,IG,Birmingham Terminal Railway (BHRR) - Port Job (runs to Birmingham Port),-,-,Jefferson,AL
160.62,IG,Csx Transportation Inc,-,-,Jefferson,AL
160.635,IG,Csx Transportation Inc,-,-,Jefferson,AL
160.65,IG,Norfolk Southern Railway Company,-,-,Jefferson,AL
160.665,IG,Norfolk Southern Railway Company,-,-,Jefferson,AL
160.68,IG,Csx Transportation Inc,-,-,Jefferson,AL
160.695,IG,Bnsf Railway Co.,-,-,Jefferson,AL
160.71,IG,BNSF Railway Co.,-,-,Jefferson,AL
160.74,IG,Norfolk Southern Railway Company,-,-,Jefferson,AL
160.77,IG,Norfolk Southern Railway Company,-,-,Jefferson,AL
160.785,IG,Csx Transportation Inc,-,-,Jefferson,AL
160.8,IG,Csx Transportation Inc,-,-,Jefferson,AL
160.815,IG,Birmingham Terminal Railway (BHRR) - Backup/Unused (Ch 12),-,-,Jefferson,AL
160.83,IG,Norfolk Southern Railway Company,-,-,Jefferson,AL
160.845,IG,Norfolk Southern Railway Company,-,-,Jefferson,AL
160.86,IG,Csx Transportation Inc,-,-,Jefferson,AL
160.875,IG,BNSF Railway Co.,-,-,Jefferson,AL
160.89,IG,Csx Transportation Inc,-,-,Limestone,AL
160.905,IG,Alabama Warrior Railway Llc,-,-,Jefferson,AL
160.927,IG,BNSF Railway Co.,-,-,Jefferson,AL
160.935,IG,Norfolk Southern Railway Company,-,-,Jefferson,AL
160.95,IG,Norfolk Southern Railway Company,-,-,Jefferson,AL
160.965,IG,Bnsf Railway Co.,-,-,Walker,AL
160.98,IG,Csx Transportation Inc,-,-,Jefferson,AL
160.995,IG,Bnsf Railway Co.,-,-,Jefferson,AL
161.01,IG,Csx Transportation Inc,-,-,Jefferson,AL
161.025,IG,Birmingham Terminal Railway (BHRR) - Pipe Job (switches US Steel Pipemill),-,-,Jefferson,AL
161.055,IG,Norfolk Southern Railway Company,-,-,Jefferson,AL
161.085,IG,Norfolk Southern Railway Company,-,-,Jefferson,AL
161.1,IG,Csx Transportation Inc,-,-,Jefferson,AL
161.115,IG,Alabama Great Southern Railroad,-,-,Tuscaloosa,AL
161.145,IG,Alabama Great Southern Railroad,-,-,Tuscaloosa,AL
161.16,IG,Bnsf Railway Co.,-,-,Jefferson,AL
161.205,IG,Norfolk Southern Railway Company,-,-,Jefferson,AL
161.22,IG,Csx Transportation Inc,-,-,Jefferson,AL
161.25,IG,Norfolk Southern Railway Company,-,-,Jefferson,AL
161.265,IG,Csx Transportation Inc,-,-,Jefferson,AL
161.295,IG,Norfolk Southern Railway Company,-,-,Jefferson,AL
161.31,IG,Csx Transportation Inc,-,-,Jefferson,AL
161.34,IG,Bnsf Railway Co.,-,-,Jefferson,AL
161.355,IG,Bnsf Railway Co.,-,-,Jefferson,AL
161.37,IG,Csx Transportation Inc,-,-,Jefferson,AL
161.385,IG,Birmingham Terminal Railway (BHRR) - General Job,-,-,Jefferson,AL
161.4,IG,Alabama Warrior Railway Llc,-,-,Jefferson,AL
161.415,IG,Csx Transportation Inc,-,-,Jefferson,AL
161.43,IG,Csx Transportation Inc,-,-,Jefferson,AL
161.445,IG,Birmingham Terminal Railway (BHRR) - Yard Job,-,-,Jefferson,AL
161.46,IG,Norfolk Southern Railway Company,-,-,Shelby,AL
161.475,IG,Norfolk Southern Railway Company,-,-,Tuscaloosa,AL
161.49,IG,Norfolk Southern Railway Company,-,-,Jefferson,AL
161.505,IG,Norfolk Southern Railway Company,-,-,Jefferson,AL
161.52,IG,Csx Transportation Inc,-,-,Mobile,AL
161.535,IG,Norfolk Southern Railway Company,-,-,Jefferson,AL
161.55,IG,Norfolk Southern Railway Company,-,-,Jefferson,AL
161.565,IG,Norfolk Southern Railway Company,-,-,Jefferson,AL
161.64,RP,Radio License Holding Cbc Llc,-,-,Jefferson,AL
161.67,RP,Autaugaville Radio Inc,-,-,Jefferson,AL
161.7,RP,Radio License Holding Cbc Llc,-,-,Jefferson,AL
173.20375,IG,Spire - Alabama,-,-,Shelby,AL
173.2375,IG,Spire - Alabama,-,-,Jefferson,AL
173.2625,IG,Spire - Alabama,-,-,Shelby,AL
173.3375,IG,Pgp Operating Llc,-,-,Jefferson,AL
173.3625,IG,Pgp Operating Llc,-,-,Jefferson,AL
173.39625,IG,Spire - Alabama,-,-,Jefferson,AL
217.54375,IG,Bessemer Water Service,-,-,Jefferson,AL
217.975,IG,Dexter Fortson Associates,-,-,Jefferson,AL
219.1,IG,Peabody Southeast Mining Llc,-,-,Tuscaloosa,AL
224.12,IG,200 MHz HAM - HAM,-,-,Jefferson,AL
224.44,IG,200 MHz HAM - HAM,-,-,Jefferson,AL
442.65,HAM,KA5GET 442.65 - HAM,-,-,Jefferson,AL
443.175,HAM,KK4BSK 443.175 - HAM,-,-,Jefferson,AL
443.675,HAM,W4RKZ 443.675 - HAM,-,-,Jefferson,AL
443.7,HAM,KK4BSK 443.7 - HAM,-,-,Jefferson,AL
444.1,HAM,KK4BSK 444.1 - HAM,-,-,Jefferson,AL
444.625,HAM,KA9KUN 444.625 - HAM,-,-,Jefferson,AL
444.8,HAM,W4RKZ 444.8 - HAM,-,-,Jefferson,AL
444.825,HAM,AG4ZV 444.825 - HAM,-,-,Jefferson,AL
444.925,HAM,KC4SIG 444.925 - HAM,-,-,Jefferson,AL
444.975,HAM,WA4CYA 444.975 - HAM,-,-,Jefferson,AL
450.01,RP,Birmingham (Wabm-Tv) Licensee Inc,-,-,Jefferson,AL
450.0875,RP,Radio License Holding Cbc Llc,-,-,Jefferson,AL
450.1125,RP,Radio License Holding Cbc Llc,-,-,Jefferson,AL
450.15,RP,Nexstar Media Inc.,-,-,Jefferson,AL
450.1625,RP,Wvtm Hearst Television Inc.,-,-,Jefferson,AL
450.2975,RP,Ttwn Networks Llc,-,-,Jefferson,AL
450.3325,RP,Ttwn Networks Llc,-,-,Jefferson,AL
450.35,RP,Radio License Holding Cbc Llc,-,-,Jefferson,AL
450.4125,RP,Radio License Holding Cbc Llc,-,-,Jefferson,AL
450.5625,RP,Wvtm Hearst Television Inc.,-,-,Jefferson,AL
450.6025,RP,Wvtm Hearst Television Inc.,-,-,Jefferson,AL
450.6125,RP,"RADIO LICENSE HOLDING CBC, LLC",-,-,Jefferson,AL
450.65,RP,Gray Television Licensee Llc,-,-,Jefferson,AL
450.98,RP,Radio License Holding Cbc Llc,-,-,Jefferson,AL
451.025,IG,Modular Lng Holdings Inc,-,-,Jefferson,AL
451.0375,IG,Kamstrup Water Metering Llc,-,-,Jefferson,AL
451.0875,YG,Cmc Steel Alabama,-,-,Jefferson,AL
451.1,IG,Indycar Llc,-,-,Jefferson,AL
451.1125,YG,Cmc Steel Alabama,-,-,Jefferson,AL
451.1375,YG,Cmc Steel Alabama,-,-,Jefferson,AL
451.1875,IG,Modular Lng Holdings Inc,-,-,Jefferson,AL
451.2,IG,Indycar Llc,-,-,Marion,AL
451.2125,YG,Cmc Steel Alabama,-,-,Jefferson,AL
451.225,IG,Bear Communications Inc,-,-,Jefferson,AL
451.2625,IG,Spire - Alabama,-,-,Shelby,AL
451.275,IG,Bear Communications Inc,-,-,Jefferson,AL
451.3,IG,Blue Cross Blue Shield Of Alabama,-,-,Montgomery,AL
451.325,IG,Metal Services,-,-,Jefferson,AL
451.35,IG,Bear Communications Inc,-,-,Jefferson,AL
451.3875,IG,Modular Lng Holdings Inc,-,-,Jefferson,AL
451.4,IG,Mountain Brook Club,-,-,Jefferson,AL
451.4125,IG,Alabama Equipment Holdings Llc,-,-,Jefferson,AL
451.4375,IG,Barber Motorsports Park Llc,-,-,Jefferson,AL
451.4875,IG,Barber Motorsports Park Llc,-,-,Jefferson,AL
451.5,YG,Mobile Communications America Inc,-,-,Jefferson,AL
451.5375,IG,Vulcan Industrial Contractors Inc,-,-,Jefferson,AL
451.5875,IG,Nucor Steel Birmingham Inc,-,-,Jefferson,AL
451.6,IG,Bear Communications Inc,-,-,Jefferson,AL
451.65,IG,Gardendale First Baptist Church,-,-,Jefferson,AL
451.6875,IG,Barber Motorsports Park Llc,-,-,Jefferson,AL
451.7,YG,American Cast Iron Pipe Company,-,-,Jefferson,AL
451.725,IG,Gardendale First Baptist Church,-,-,Jefferson,AL
451.7375,IG,Nucor Steel Birmingham,-,-,Jefferson,AL
451.75,IG,Gardendale First Baptist Church,-,-,Jefferson,AL
451.8,IG,Omi Refractories Llc Dba Bisco Refractories,-,-,Jefferson,AL
451.8125,IG,Omi Refractories Llc Dba Bisco Refractories,-,-,Jefferson,AL
451.825,YG,Bear Communications Inc,-,-,Jefferson,AL
451.8625,IG,Amerex Corporation,-,-,Jefferson,AL
451.875,YG,Mobile Communications America Inc,-,-,Jefferson,AL
451.8875,IG,Amazon.Com - Bhm1,-,-,Jefferson,AL
451.9,IG,Crimson Oak Grove Resources Llc,-,-,Jefferson,AL
451.925,YG,Kamtek,-,-,Jefferson,AL
451.9375,YG,Kamtek,-,-,Jefferson,AL
451.95,IG,Gardendale First Baptist Church,-,-,Jefferson,AL
451.9625,IG,Crimson Oak Grove Resources Llc,-,-,Jefferson,AL
452,IG,Hoar Construction,-,-,Jefferson,AL
452.075,IG,Glenwood Inc,-,-,Jefferson,AL
452.1,IG,Barber Motorsports Park Llc,-,-,Jefferson,AL
452.1125,IG,Nucor Steel Birmingham,-,-,Jefferson,AL
452.15,YG,Bear Communications Inc,-,-,Jefferson,AL
452.1625,IG,Barber Motorsports Park Llc,-,-,Jefferson,AL
452.175,IG,Amerex Corporation,-,-,Jefferson,AL
452.2125,IG,Amazon.Com - Bhm1,-,-,Jefferson,AL
452.225,IG,Sheraton Civic Center Hotel Birmingham,-,-,Jefferson,AL
452.2375,IG,At&T Services Inc,-,-,Jefferson,AL
452.25,YG,American Cast Iron Pipe Company,-,-,Jefferson,AL
452.2625,YG,Mobile Communications America Inc,-,-,Jefferson,AL
452.2875,IG,Blue Cross Blue Shield Of Alabama,-,-,Jefferson,AL
452.325,IG,Csx Transportation Inc,-,-,Jefferson,AL
452.35,YG,Mobile Communications America Inc,-,-,Jefferson,AL
452.375,IG,Csx Transportation Inc,-,-,Montgomery,AL
452.4,YG,Bear Communications Inc,-,-,Jefferson,AL
452.425,IG,Csx Transportation Inc,-,-,Jefferson,AL
452.4375,IG,Nucor Steel Birmingham Inc.,-,-,Jefferson,AL
452.45,IG,North Plaza Al,-,-,Jefferson,AL
452.4625,YG,Mobile Communications America Inc,-,-,Jefferson,AL
452.475,IG,Galleria Shopping Center: Housekeeping - Galleria Shopping Center: Housekeeping,-,-,Jefferson,AL
452.4875,IG,The Country Club Of Birmingham,-,-,Jefferson,AL
452.5125,IG,Barber Motorsports Park Llc,-,-,Jefferson,AL
452.525,IG,Modular Lng Holdings Inc,-,-,Jefferson,AL
452.5375,IG,Modular Lng Holdings Inc,-,-,Jefferson,AL
452.55,IG,Amerex Corporation,-,-,Jefferson,AL
452.5625,IG,Modular Lng Holdings Inc,-,-,Jefferson,AL
452.575,IG,Amerex Corporation,-,-,Jefferson,AL
452.5875,IG,Modular Lng Holdings Inc,-,-,Jefferson,AL
452.6,IG,Amerex Corporation,-,-,Jefferson,AL
452.6125,IG,Modular Lng Holdings Inc,-,-,Jefferson,AL
452.625,YG,American Cast Iron Pipe Company,-,-,Jefferson,AL
452.6625,IG,Blue Cross Blue Shield Of Alabama,-,-,Jefferson,AL
452.675,IG,Amerex Corporation,-,-,Jefferson,AL
452.6875,IG,Alabama Equipment Holdings Llc,-,-,Jefferson,AL
452.7125,IG,American Cast Iron Pipe,-,-,Jefferson,AL
452.725,IG,Bear Communications Inc,-,-,Jefferson,AL
452.7375,YG,Mobile Communications America Inc,-,-,Jefferson,AL
452.75,IG,Blue Cross Blue Shield Of Alabama,-,-,Madison,AL
452.7625,IG,American Cast Iron Pipe,-,-,Jefferson,AL
452.775,IG,Csx Transportation Inc,-,-,Jefferson,AL
452.8125,IG,Mcwane Science Center,-,-,Jefferson,AL
452.85,IG,Omi Refractories Llc Dba Bisco Refractories,-,-,Jefferson,AL
452.875,IG,Csx Transportation Inc,-,-,Mobile,AL
452.8875,IG,Mcwane Science Center,-,-,Jefferson,AL
452.9,IG,Csx Transportation Inc,-,-,Montgomery,AL
452.9125,IG,Csx Transportation Inc,-,-,Montgomery,AL
452.925,IG,Norfolk Southern Railway Company,-,-,Jefferson,AL
452.9375,IG,Norfolk Southern Railway Company,-,-,Jefferson,AL
452.95,IG,Csx Transportation Inc,-,-,Jefferson,AL
452.9625,IG,Bnsf Railway Co.,-,-,Jefferson,AL
452.9875,IG,Mcwane Science Center,-,-,Jefferson,AL
453,IG,Amerex Corporation,-,-,Jefferson,AL
453.0125,YG,Mobile Communications America Inc,-,-,Jefferson,AL
453.375,PW,Birmingham Jefferson Convention Complex,-,-,Jefferson,AL
453.4125,PW,Birmingham Jefferson Convention Complex,-,-,Jefferson,AL
453.575,PW,Birmingham Jefferson Convention Complex,-,-,Jefferson,AL
453.775,PW,Birmingham Jefferson Convention Complex,-,-,Jefferson,AL
453.85,PW,Birmingham Jefferson Convention Complex,-,-,Jefferson,AL
453.925,PW,Birmingham Jefferson Convention Complex,-,-,Jefferson,AL
455.01,RP,Radio License Holding Cbc Llc,-,-,Jefferson,AL
455.0875,RP,Radio License Holding Cbc Llc,-,-,Jefferson,AL
455.1125,RP,Radio License Holding Cbc Llc,-,-,Jefferson,AL
455.15,RP,Nexstar Media Inc.,-,-,Jefferson,AL
455.1625,RP,Wvtm Hearst Television Inc.,-,-,Jefferson,AL
455.2975,RP,Ttwn Networks Llc,-,-,Jefferson,AL
455.3325,RP,Ttwn Networks Llc,-,-,Jefferson,AL
455.35,RP,Radio License Holding Cbc Llc,-,-,Jefferson,AL
455.4125,RP,Radio License Holding Cbc Llc,-,-,Jefferson,AL
455.5625,RP,Wvtm Hearst Television Inc.,-,-,Jefferson,AL
455.6025,RP,Wvtm Hearst Television Inc.,-,-,Jefferson,AL
455.6125,RP,"RADIO LICENSE HOLDING CBC, LLC",-,-,Jefferson,AL
455.98,RP,Ihm Licenses Llc,-,-,Jefferson,AL
455.99,RP,The Board Of Trustees Of The University Of Alabama At Birmingham,-,-,Jefferson,AL
456.025,IG,Modular Lng Holdings Inc,-,-,Jefferson,AL
456.0375,IG,Kamstrup Water Metering Llc,-,-,Jefferson,AL
456.0875,YG,Cmc Steel Alabama,-,-,Jefferson,AL
456.1125,YG,Cmc Steel Alabama,-,-,Jefferson,AL
456.2125,YG,Cmc Steel Alabama,-,-,Jefferson,AL
456.225,IG,Bear Communications Inc,-,-,Jefferson,AL
456.2375,IG,Diamond Rubber Products Company Inc,-,-,Jefferson,AL
456.2625,IG,Spire - Alabama,-,-,Jefferson,AL
456.275,IG,Bear Communications Inc,-,-,Jefferson,AL
456.2875,IG,Hoar Construction,-,-,Jefferson,AL
456.325,IG,Metal Services,-,-,Jefferson,AL
456.35,IG,Bear Communications Inc,-,-,Jefferson,AL
456.3875,IG,Hoar Construction,-,-,Jefferson,AL
456.4,IG,Mountain Brook Club,-,-,Jefferson,AL
456.4125,IG,Alabama Equipment Holdings Llc,-,-,Jefferson,AL
456.5,YG,Mobile Communications America Inc,-,-,Jefferson,AL
456.525,IG,Town Of Mulga,-,-,Jefferson,AL
456.5625,IG,The Summit: Maintenance - The Summit: Maintenance,-,-,Jefferson,AL
456.6,IG,Bear Communications Inc,-,-,Jefferson,AL
456.6125,IG,Modular Lng Holdings Inc,-,-,Jefferson,AL
456.6625,IG,Hoar Construction,-,-,Jefferson,AL
456.7,YG,American Cast Iron Pipe Company,-,-,Jefferson,AL
456.7125,IG,Modular Lng Holdings Inc,-,-,Jefferson,AL
456.725,IG,Barber Motorsports Park Llc,-,-,Jefferson,AL
456.7375,IG,Nucor Steel Birmingham,-,-,Jefferson,AL
456.7875,IG,Amerex Corporation,-,-,Jefferson,AL
456.8,IG,Omi Refractories Llc Dba Bisco Refractories,-,-,Jefferson,AL
456.8125,IG,Omi Refractories Llc Dba Bisco Refractories,-,-,Jefferson,AL
456.825,YG,Bear Communications Inc,-,-,Jefferson,AL
456.85,IG,American Cast Iron Pipe,-,-,Jefferson,AL
456.8625,IG,Amerex Corporation,-,-,Jefferson,AL
456.875,YG,Mobile Communications America Inc,-,-,Jefferson,AL
456.8875,IG,Amazon.Com - Bhm1,-,-,Jefferson,AL
456.9,YG,Bear Communications Inc,-,-,Jefferson,AL
456.925,IG,Alabama Splash Adventure,-,-,Jefferson,AL
456.9375,YG,Kamtek,-,-,Jefferson,AL
456.9625,IG,Crimson Oak Grove Resources Llc,-,-,Jefferson,AL
456.9875,IG,Mountain Brook Club,-,-,Jefferson,AL
457,IG,Hoar Construction,-,-,Jefferson,AL
457.0125,IG,Amerex Corporation,-,-,Jefferson,AL
457.075,IG,Glenwood Inc,-,-,Jefferson,AL
457.1,IG,Mountain Brook Club,-,-,Jefferson,AL
457.1125,IG,American Cast Iron Pipe,-,-,Jefferson,AL
457.15,YG,Bear Communications Inc,-,-,Jefferson,AL
457.2125,IG,Amazon.Com - Bhm1,-,-,Jefferson,AL
457.225,IG,Nucor Steel Birmingham,-,-,Jefferson,AL
457.2375,IG,At&T Services Inc,-,-,Jefferson,AL
457.25,YG,American Cast Iron Pipe Company,-,-,Jefferson,AL
457.2625,YG,Mobile Communications America Inc,-,-,Jefferson,AL
457.3125,IG,The Summit: Security - The Summit: Security,-,-,Jefferson,AL
457.3375,IG,Alabama Splash Adventure,-,-,Jefferson,AL
457.35,YG,Mobile Communications America Inc,-,-,Jefferson,AL
457.375,IG,Csx Transportation Inc,-,-,Jefferson,AL
457.4,YG,Bear Communications Inc,-,-,Jefferson,AL
457.425,IG,Csx Transportation Inc,-,-,Jefferson,AL
457.45,IG,North Plaza Al,-,-,Jefferson,AL
457.4625,YG,Mobile Communications America Inc,-,-,Jefferson,AL
457.4875,IG,The Country Club Of Birmingham,-,-,Jefferson,AL
457.5,IG,Alabama Power Company,-,-,Jefferson,AL
457.525,IG,Fairfield Southern Company Llc,-,-,Jefferson,AL
457.55,IG,Fairfield Southern Company Llc,-,-,Jefferson,AL
457.575,IG,Fairfield Southern Company Llc,-,-,Jefferson,AL
457.6,IG,Fairfield Southern Company Llc,-,-,Jefferson,AL
457.6875,IG,Alabama Equipment Holdings Llc,-,-,Jefferson,AL
457.725,IG,Bear Communications Inc,-,-,Jefferson,AL
457.7375,YG,Mobile Communications America Inc,-,-,Jefferson,AL
457.75,IG,Blue Cross Blue Shield Of Alabama,-,-,Jefferson,AL
457.7625,IG,American Cast Iron Pipe,-,-,Jefferson,AL
457.775,IG,Csx Transportation Inc,-,-,Jefferson,AL
457.8125,IG,Mcwane Science Center,-,-,Jefferson,AL
457.85,IG,Omi Refractories Llc Dba Bisco Refractories,-,-,Jefferson,AL
457.875,IG,Csx Transportation Inc,-,-,Jefferson,AL
457.9,IG,Csx Transportation Inc,-,-,Jefferson,AL
457.9125,IG,Norfolk Southern Railway Company,-,-,Jefferson,AL
457.925,IG,Norfolk Southern Railway Company,-,-,Jefferson,AL
457.9375,IG,Norfolk Southern Railway Company,-,-,Jefferson,AL
457.95,IG,Norfolk Southern Railway Company,-,-,Jefferson,AL
457.9625,IG,Bnsf Railway Co.,-,-,Jefferson,AL
457.975,IG,Mountain Brook Club,-,-,Jefferson,AL
457.9875,IG,Mcwane Science Center,-,-,Jefferson,AL
458,IG,Transload Llc,-,-,Jefferson,AL
458.0125,YG,Mobile Communications America Inc,-,-,Jefferson,AL
458.375,PW,Birmingham Jefferson Convention Complex,-,-,Jefferson,AL
458.4125,PW,Birmingham Jefferson Convention Complex,-,-,Jefferson,AL
458.575,PW,Birmingham Jefferson Convention Complex,-,-,Jefferson,AL
458.775,PW,Birmingham Jefferson Convention Complex,-,-,Jefferson,AL
458.85,PW,Birmingham Jefferson Convention Complex,-,-,Jefferson,AL
458.925,PW,Birmingham Jefferson Convention Complex,-,-,Jefferson,AL
460.1875,PW,BJCC - Operations,-,-,Jefferson,AL
460.25,PW,BJCC - Operations,-,-,Jefferson,AL
460.5,YW,BJCC - Housekeeping,-,-,Jefferson,AL
460.575,IG,BJCC - Guest Services/Shuttle,-,-,Jefferson,AL
460.5875,IG,BJCC - Operations,-,-,Jefferson,AL
460.6625,IG,United Ground Express Inc,-,-,Jefferson,AL
460.7,IG,American Airlines Group Inc,-,-,Jefferson,AL
460.75,IG,Southwest Airlines Co,-,-,Jefferson,AL
460.825,IG,Delta Air Lines Inc.,-,-,Jefferson,AL
460.85,IG,Southwest Airlines Co,-,-,Jefferson,AL
461.05,IG,Nucor Steel Birmingham Inc,-,-,Jefferson,AL
461.1,IG,Hoover Mall Limited Llc Dba Riverchase Galleria,-,-,Jefferson,AL
461.125,YG,Publix Super Markets Inc,-,-,Jefferson,AL
461.15,YG,Jm Smucker,-,-,Jefferson,AL
461.2,IG,Associated Grocers Of The South Inc,-,-,Jefferson,AL
461.3,IG,Mcwane Science Center,-,-,Jefferson,AL
461.375,YG,Kamtek,-,-,Jefferson,AL
461.425,IG,Samford University,-,-,Jefferson,AL
461.4375,IG,Sunbelt Golf Corporation,-,-,Jefferson,AL
461.4625,YG,Mobile Communications America Inc,-,-,Jefferson,AL
461.4875,YG,Jm Smucker,-,-,Jefferson,AL
461.5125,YG,Mobile Communications America Inc,-,-,Jefferson,AL
461.525,IG,Publix Super Markets Inc,-,-,Jefferson,AL
461.575,IG,Southland Tube,-,-,Jefferson,AL
461.6,IG,Sheraton Civic Center Hotel Birmingham,-,-,Jefferson,AL
461.6125,YG,Southland Tube,-,-,Jefferson,AL
461.625,YG,Bear Communications Inc,-,-,Jefferson,AL
461.6375,IG,St Vincents East,-,-,Jefferson,AL
461.6625,IG,Precoat Metals,-,-,Jefferson,AL
461.675,YG,Kamtek,-,-,Jefferson,AL
461.725,YG,Publix Super Markets Inc,-,-,Jefferson,AL
461.7375,YG,Cmc Steel Alabama,-,-,Jefferson,AL
461.75,IG,Nucor Steel Birmingham,-,-,Jefferson,AL
461.775,IG,Federal Express Corporation,-,-,Jefferson,AL
461.7875,YG,Cmc Steel Alabama,-,-,Jefferson,AL
461.8,IG,Barber Motorsports Park Llc,-,-,Jefferson,AL
461.8125,YG,Alabama Power Company,-,-,Jefferson,AL
461.825,YG,Jm Smucker,-,-,Jefferson,AL
461.875,IG,Baptist Health Brookwood Hospital,-,-,Jefferson,AL
461.925,YG,Publix Super Markets Inc,-,-,Jefferson,AL
461.9625,IG,Precoat Metals,-,-,Jefferson,AL
461.975,YG,Bear Communications Inc,-,-,Jefferson,AL
462,IG,Barber Motorsports Park Llc,-,-,Jefferson,AL
462.025,YG,Mobile Communications America Inc,-,-,Jefferson,AL
462.0625,YG,Southland Tube,-,-,Jefferson,AL
462.0875,IG,St Vincents East,-,-,Jefferson,AL
462.1,IG,Piggly Wiggly Alabama Distribution Co.,-,-,Jefferson,AL
462.1125,IG,Evonik Corporation Birmingham Labs,-,-,Jefferson,AL
462.125,YG,Kamtek,-,-,Jefferson,AL
462.15,IG,Amazon.Com - Bhm1,-,-,Jefferson,AL
462.1625,IG,Hoover Mall Limited Llc Dba Riverchase Galleria,-,-,Jefferson,AL
462.2,IG,Oneal Steel,-,-,Jefferson,AL
462.2125,IG,Lehigh Portland Cement Company,-,-,Jefferson,AL
462.2375,IG,Lehigh Portland Cement Company,-,-,Jefferson,AL
462.2625,IG,Lehigh Portland Cement Company,-,-,Jefferson,AL
462.2875,IG,Lehigh Portland Cement Company,-,-,Jefferson,AL
462.3,IG,Oneal Steel,-,-,Jefferson,AL
462.3125,IG,Lehigh Portland Cement Company,-,-,Jefferson,AL
462.325,IG,Transload Llc,-,-,Jefferson,AL
462.3375,IG,Alabama Equipment Holdings Llc,-,-,Jefferson,AL
462.35,YG,Bear Communications Inc,-,-,Jefferson,AL
462.375,IG,Vulcan Industrial Contractors Inc,-,-,Jefferson,AL
462.425,IG,American Cast Iron Pipe,-,-,Jefferson,AL
462.4625,IG,The Country Club Of Birmingham,-,-,Jefferson,AL
462.475,IG,US Pipe and Foundry - Operations [Expired 5/12],-,-,Jefferson,AL
462.4875,IG,The Country Club Of Birmingham,-,-,Jefferson,AL
462.5125,IG,The Country Club Of Birmingham,-,-,Jefferson,AL
462.6125,IG,Buc-ee's - Buc-ee's,-,-,Jefferson,AL
462.625,IG,Southeastern Salvage - Southeastern Salvage,-,-,Jefferson,AL
462.75,IG,Brasfield & Gorrie,-,-,Jefferson,AL
462.825,IG,Amazon.Com Inc,-,-,Jefferson,AL
462.85,IG,Steward Machine Company Inc,-,-,Jefferson,AL
462.9,IG,Alabama School Of Fine Arts,-,-,Jefferson,AL
462.925,IG,Csx Transportation Inc,-,-,Montgomery,AL
463.2,IG,Sunbelt Golf Corporation,-,-,Jefferson,AL
463.2125,IG,Amazon.Com - Bhm1,-,-,Jefferson,AL
463.2375,IG,Country Club Of Birmingham,-,-,Jefferson,AL
463.2875,IG,Amazon.Com - Bhm1,-,-,Jefferson,AL
463.3,IG,Barber Motorsports Park Llc,-,-,Jefferson,AL
463.3125,IG,Amazon.Com - Bhm1,-,-,Jefferson,AL
463.35,YG,Alabama Power Company,-,-,Jefferson,AL
463.375,IG,Precoat Metals,-,-,Jefferson,AL
463.3875,IG,St Vincents East,-,-,Jefferson,AL
463.4,IG,Barber Motorsports Park Llc,-,-,Jefferson,AL
463.4125,IG,Amazon.Com - Bhm1,-,-,Jefferson,AL
463.475,IG,Samford University,-,-,Jefferson,AL
463.4875,IG,Shades Mt Baptist Church,-,-,Jefferson,AL
463.5,IG,Hunter Street Baptist Church,-,-,Jefferson,AL
463.5125,IG,Urban Oil And Gas Group Llc,-,-,Jefferson,AL
463.525,IG,Crimson Oak Grove Resources Llc,-,-,Jefferson,AL
463.5875,IG,Southern Progress Corporation,-,-,Jefferson,AL
463.6,IG,Mccloy Implement,-,-,Jefferson,AL
463.6125,IG,Precoat Metals,-,-,Jefferson,AL
463.625,YG,Bear Communications Inc,-,-,Jefferson,AL
463.65,IG,Miles College,-,-,Jefferson,AL
463.6875,YG,Cmc Steel Alabama,-,-,Jefferson,AL
463.7,IG,Alabama Splash Adventure,-,-,Jefferson,AL
463.725,IG,Sheraton Civic Center Hotel Birmingham,-,-,Jefferson,AL
463.75,IG,Barber Motorsports Park Llc,-,-,Jefferson,AL
463.775,IG,At&T Enterprises Llc,-,-,Jefferson,AL
463.8,IG,Reeve Electric Co,-,-,Jefferson,AL
463.8125,IG,Dolgencorp Llc,-,-,Jefferson,AL
463.825,IG,Birmingham Zoo - Zoo Operations,-,-,Jefferson,AL
463.8375,IG,Amazon.Com - Bhm1,-,-,Jefferson,AL
463.85,IG,Fairfield Southern Company Llc,-,-,Jefferson,AL
463.875,IG,Modular Lng Holdings Inc,-,-,Jefferson,AL
463.8875,YG,Cmc Steel Alabama,-,-,Jefferson,AL
463.9125,IG,Shades Mt Baptist Church,-,-,Jefferson,AL
463.925,IG,Hunter Street Baptist Church,-,-,Jefferson,AL
463.9375,YG,Cmc Steel Alabama,-,-,Jefferson,AL
463.9625,IG,Alabama Power Company,-,-,Jefferson,AL
464.0125,IG,Dean Foods,-,-,Jefferson,AL
464.025,IG,BMC Princeton Security (Ch1) [Expired 5/16] - BMC Princeton Security (Ch1) [Expired 5/16],-,-,Jefferson,AL
464.05,YG,Kamtek,-,-,Jefferson,AL
464.075,IG,Cmc Steel Alabama,-,-,Jefferson,AL
464.0875,IG,Cache Valley Electric,-,-,Jefferson,AL
464.1125,IG,The Altamont School,-,-,Jefferson,AL
464.125,IG,Barber Motorsports Park Llc,-,-,Jefferson,AL
464.175,IG,Coca Cola Bottling Company,-,-,Jefferson,AL
464.2,IG,Renaissance Ross Bridge - Banquets/Catering/Room Service - Renaissance Ross Bridge - Banquets/Catering/Room Service,-,-,Jefferson,AL
464.2125,IG,Alabama Equipment Holdings Llc,-,-,Jefferson,AL
464.25,IG,Evonik Corporation Birmingham Labs,-,-,Jefferson,AL
464.325,IG,Valley Creek Wwtp,-,-,Jefferson,AL
464.3625,IG,Hoar Construction,-,-,Jefferson,AL
464.3875,IG,Southwest Airlines Co,-,-,Jefferson,AL
464.4,IG,Blox Llc,-,-,Jefferson,AL
464.425,IG,Sunbelt Golf Corporation,-,-,Jefferson,AL
464.475,IG,Sunbelt Golf Corporation,-,-,Jefferson,AL
464.5,IG,Omi Refractories Llc Dba Bisco Refractories,-,-,Jefferson,AL
464.525,IG,Coca Cola Bottling Company,-,-,Jefferson,AL
464.575,IG,Coca Cola Bottling Company,-,-,Jefferson,AL
464.6375,YG,Bear Communications Inc,-,-,Jefferson,AL
464.65,IG,Sunbelt Golf Corporation,-,-,Jefferson,AL
464.6875,IG,Nucor Steel Birmingham,-,-,Jefferson,AL
464.725,IG,Dolgencorp Llc,-,-,Jefferson,AL
464.75,IG,Federal Express Corporation,-,-,Jefferson,AL
464.7625,IG,St Vincents East,-,-,Jefferson,AL
464.775,IG,University of Alabama H S F [Expired 9/22] - University of Alabama H S F [Expired 9/22],-,-,Jefferson,AL
464.8,IG,Sheraton Civic Center Hotel Birmingham,-,-,Jefferson,AL
464.825,IG,Barber Motorsports Park Llc,-,-,Jefferson,AL
464.875,IG,Sunbelt Golf Corporation,-,-,Jefferson,AL
464.8875,IG,Southern Progress Corporation,-,-,Jefferson,AL
464.9125,IG,Southern Progress Corporation,-,-,Jefferson,AL
464.95,YG,Bear Communications Inc,-,-,Jefferson,AL
464.9625,IG,Glenwood Inc,-,-,Jefferson,AL
464.975,IG,Glenwood Inc,-,-,Jefferson,AL
465.6625,IG,United Ground Express Inc,-,-,Jefferson,AL
465.7,IG,American Airlines Group Inc,-,-,Jefferson,AL
465.75,IG,Southwest Airlines Co,-,-,Jefferson,AL
465.825,IG,Delta Air Lines Inc.,-,-,Jefferson,AL
465.85,IG,Southwest Airlines Co,-,-,Jefferson,AL
466.05,IG,Nucor Steel Birmingham Inc,-,-,Jefferson,AL
466.0875,IG,Fairfield Southern Company Llc,-,-,Jefferson,AL
466.1,IG,Hoover Mall Limited Llc Dba Riverchase Galleria,-,-,Jefferson,AL
466.125,YG,Publix Super Markets Inc,-,-,Jefferson,AL
466.15,YG,Jm Smucker,-,-,Jefferson,AL
466.1875,IG,Fairfield Southern Company Llc,-,-,Jefferson,AL
466.2,IG,Associated Grocers Of The South Inc,-,-,Jefferson,AL
466.3,IG,Mcwane Science Center,-,-,Jefferson,AL
466.325,YG,Publix Super Markets Inc,-,-,Jefferson,AL
466.3625,IG,US Pipe and Foundry - Operations,-,-,Jefferson,AL
466.425,IG,Samford University,-,-,Jefferson,AL
466.4375,IG,Sunbelt Golf Corporation,-,-,Jefferson,AL
466.4875,YG,Jm Smucker,-,-,Jefferson,AL
466.525,IG,Mountain Brook Club,-,-,Jefferson,AL
466.575,YG,Southland Tube,-,-,Jefferson,AL
466.6,IG,Sheraton Civic Center Hotel Birmingham,-,-,Jefferson,AL
466.6125,YG,Cmc Steel Alabama,-,-,Jefferson,AL
466.625,YG,Bear Communications Inc,-,-,Jefferson,AL
466.6625,IG,Precoat Metals,-,-,Jefferson,AL
466.675,YG,Kamtek,-,-,Jefferson,AL
466.7,IG,Nucor Steel Birmingham,-,-,Jefferson,AL
466.725,YG,Publix Super Markets Inc,-,-,Jefferson,AL
466.75,IG,Nucor Steel Birmingham,-,-,Jefferson,AL
466.775,IG,Federal Express Corporation,-,-,Jefferson,AL
466.8125,YG,Alabama Power Company,-,-,Jefferson,AL
466.825,YG,Jm Smucker,-,-,Jefferson,AL
466.8375,IG,Nucor Steel Birmingham,-,-,Jefferson,AL
466.875,IG,Baptist Health Brookwood Hospital,-,-,Jefferson,AL
466.925,YG,Publix Super Markets Inc,-,-,Jefferson,AL
466.9625,IG,Precoat Metals,-,-,Jefferson,AL
466.975,YG,Bear Communications Inc,-,-,Jefferson,AL
466.9875,IG,The Country Club Of Birmingham,-,-,Jefferson,AL
467.025,YG,Mobile Communications America Inc,-,-,Jefferson,AL
467.0625,YG,Southland Tube,-,-,Jefferson,AL
467.1,IG,Piggly Wiggly Alabama Distribution Co.,-,-,Jefferson,AL
467.1125,IG,Evonik Corporation Birmingham Labs,-,-,Jefferson,AL
467.1375,IG,Nucor Steel Birmingham,-,-,Jefferson,AL
467.1625,IG,Hoover Mall Limited Llc Dba Riverchase Galleria,-,-,Jefferson,AL
467.175,IG,The Altamont School,-,-,Jefferson,AL
467.2,IG,Oneal Steel,-,-,Jefferson,AL
467.2125,IG,Lehigh Portland Cement Company,-,-,Jefferson,AL
467.2375,IG,Lehigh Portland Cement Company,-,-,Jefferson,AL
467.2625,IG,Lehigh Portland Cement Company,-,-,Jefferson,AL
467.2875,IG,Lehigh Portland Cement Company,-,-,Jefferson,AL
467.3125,IG,Lehigh Portland Cement Company,-,-,Jefferson,AL
467.325,IG,Transload Llc,-,-,Jefferson,AL
467.35,YG,Bear Communications Inc,-,-,Jefferson,AL
467.375,IG,Vulcan Industrial Contractors Inc,-,-,Jefferson,AL
467.425,IG,Birmingham Zoo Inc.,-,-,Jefferson,AL
467.4625,IG,The Country Club Of Birmingham,-,-,Jefferson,AL
467.4875,IG,The Country Club Of Birmingham,-,-,Jefferson,AL
467.5,IG,US Pipe and Foundry - Operations,-,-,Jefferson,AL
467.75,IG,Fairfield Southern Company Llc,-,-,Jefferson,AL
467.775,IG,Fairfield Southern Company Llc,-,-,Jefferson,AL
467.825,IG,Fairfield Southern Company Llc,-,-,Jefferson,AL
467.875,IG,Fairfield Southern Company Llc,-,-,Jefferson,AL
467.925,IG,Fairfield Southern Company Llc,-,-,Jefferson,AL
468.2,IG,Sunbelt Golf Corporation,-,-,Jefferson,AL
468.2125,IG,Shades Mt Baptist Church,-,-,Jefferson,AL
468.225,IG,The Altamont School,-,-,Jefferson,AL
468.2375,IG,Country Club Of Birmingham,-,-,Jefferson,AL
468.25,IG,Nucor Steel Birmingham,-,-,Jefferson,AL
468.35,YG,Alabama Power Company,-,-,Jefferson,AL
468.375,IG,Precoat Metals,-,-,Jefferson,AL
468.4125,IG,Nucor Steel Birmingham,-,-,Jefferson,AL
468.475,IG,Samford University,-,-,Jefferson,AL
468.4875,IG,Shades Mt Baptist Church,-,-,Jefferson,AL
468.5125,IG,Nucor Steel Birmingham,-,-,Jefferson,AL
468.525,IG,Crimson Oak Grove Resources Llc,-,-,Jefferson,AL
468.55,IG,Alabama Splash Adventure,-,-,Jefferson,AL
468.5875,IG,Southern Progress Corporation,-,-,Jefferson,AL
468.6,IG,Mccloy Implement,-,-,Jefferson,AL
468.6125,IG,Precoat Metals,-,-,Jefferson,AL
468.625,YG,Bear Communications Inc,-,-,Jefferson,AL
468.6375,IG,Glenwood Inc,-,-,Jefferson,AL
468.65,IG,Miles College,-,-,Jefferson,AL
468.7,IG,Alabama Splash Adventure,-,-,Jefferson,AL
468.725,IG,Sheraton Civic Center Hotel Birmingham,-,-,Jefferson,AL
468.7625,IG,Coca Cola Bottling Company,-,-,Jefferson,AL
468.775,IG,Transload Llc,-,-,Jefferson,AL
468.7875,YG,Glasforms Inc.,-,-,Jefferson,AL
468.8,IG,Reeve Electric Co,-,-,Jefferson,AL
468.8125,IG,Dolgencorp Llc,-,-,Jefferson,AL
468.85,IG,Fairfield Southern Company Llc,-,-,Jefferson,AL
468.875,IG,Modular Lng Holdings Inc,-,-,Jefferson,AL
468.925,IG,Piggly Wiggly Alabama Distribution Co.,-,-,Jefferson,AL
468.9375,IG,Precoat Metals,-,-,Jefferson,AL
468.95,IG,Nucor Steel Birmingham,-,-,Jefferson,AL
468.9625,IG,Alabama Power Company,-,-,Jefferson,AL
469.0125,IG,Dean Foods,-,-,Jefferson,AL
469.0375,IG,The Altamont School,-,-,Jefferson,AL
469.05,YG,Kamtek,-,-,Jefferson,AL
469.075,IG,Dolgencorp Llc,-,-,Jefferson,AL
469.0875,IG,Cache Valley Electric,-,-,Jefferson,AL
469.1,IG,Alabama Splash Adventure,-,-,Jefferson,AL
469.1125,IG,The Altamont School,-,-,Jefferson,AL
469.175,YG,Blox Llc,-,-,Jefferson,AL
469.1875,IG,The Altamont School,-,-,Jefferson,AL
469.2125,IG,Piggly Wiggly Alabama Distribution Co.,-,-,Jefferson,AL
469.2375,IG,Piggly Wiggly Alabama Distribution Co.,-,-,Jefferson,AL
469.25,IG,Evonik Corporation Birmingham Labs,-,-,Jefferson,AL
469.275,IG,Blue Cross Blue Shield Of Alabama,-,-,Jefferson,AL
469.2875,IG,Fairfield Southern Company Llc,-,-,Jefferson,AL
469.325,IG,Valley Creek Wwtp,-,-,Jefferson,AL
469.3625,IG,Hoar Construction,-,-,Jefferson,AL
469.375,IG,Transload Llc,-,-,Jefferson,AL
469.3875,IG,Southwest Airlines Co,-,-,Jefferson,AL
469.4,YG,Blox Llc,-,-,Jefferson,AL
469.425,IG,Hunter Street Baptist Church,-,-,Jefferson,AL
469.45,YG,Southland Tube,-,-,Jefferson,AL
469.475,IG,Sunbelt Golf Corporation,-,-,Jefferson,AL
469.5,IG,Omi Refractories Llc Dba Bisco Refractories,-,-,Jefferson,AL
469.575,YG,Southland Tube,-,-,Jefferson,AL
469.625,IG,Piggly Wiggly Alabama Distribution Co.,-,-,Jefferson,AL
469.6375,YG,Bear Communications Inc,-,-,Jefferson,AL
469.65,IG,Sunbelt Golf Corporation,-,-,Jefferson,AL
469.6875,IG,Nucor Steel Birmingham,-,-,Jefferson,AL
469.725,IG,Nucor Steel Birmingham,-,-,Jefferson,AL
469.75,IG,Federal Express Corporation,-,-,Jefferson,AL
469.7625,YG,Southland Tube,-,-,Jefferson,AL
469.7875,YG,Southland Tube,-,-,Jefferson,AL
469.8,IG,Sheraton Civic Center Hotel Birmingham,-,-,Jefferson,AL
469.875,IG,Sunbelt Golf Corporation,-,-,Jefferson,AL
469.9375,IG,Nucor Steel Birmingham,-,-,Jefferson,AL
469.95,YG,Bear Communications Inc,-,-,Jefferson,AL
469.9625,IG,Glenwood Inc,-,-,Jefferson,AL
469.975,IG,Glenwood Inc,-,-,Jefferson,AL
771.06875,SY,Sterrett (Signal Mountain),-,-,Jefferson,AL
771.54375,SY,Sterrett (Signal Mountain),-,-,Jefferson,AL
771.79375,SY,Sterrett (Signal Mountain),-,-,Jefferson,AL
772.24375,SY,Sterrett (Signal Mountain),-,-,Jefferson,AL
772.54375,SY,Sterrett (Signal Mountain),-,-,Jefferson,AL
772.91875,SY,Sterrett (Signal Mountain),-,-,Jefferson,AL
774.15625,SY,Hoover (Municipal),-,-,Jefferson,AL
774.71875,SY,Helena,-,-,Jefferson,AL
774.90625,SY,Hoover (Municipal),-,-,Jefferson,AL
810.9375,GO,Bp America Production Company,-,-,Jefferson,AL
851.0875,YE,Gilmore,-,-,Jefferson,AL
851.2,YE,Gilmore,-,-,Jefferson,AL
851.3125,YE,Gilmore,-,-,Jefferson,AL
851.5875,YE,Gilmore,-,-,Jefferson,AL
851.8375,YE,Gilmore,-,-,Jefferson,AL
852.1125,YE,Gilmore,-,-,Jefferson,AL
852.1625,YE,Gilmore,-,-,Jefferson,AL
852.5625,YE,Gilmore,-,-,Jefferson,AL
852.725,YE,Gilmore,-,-,Jefferson,AL
853.0625,YE,Warrior,-,-,Jefferson,AL
853.75,YE,Gilmore,-,-,Jefferson,AL
855.9375,GO,Bp America Production Company,-,-,Jefferson,AL
857.6125,GM,"Iota Spectrum Holdings, LLC",-,-,Jefferson,AL
858.6125,YX,Southern Company,-,-,Jefferson,AL
858.7875,YX,Southern Company,-,-,Shelby,AL
858.8125,YX,Southern Company,-,-,Shelby,AL
858.8375,YX,Southern Company,-,-,Jefferson,AL
858.8625,YX,Southern Communications Services,-,-,Jefferson,AL
858.8875,YX,Southern Company,-,-,Shelby,AL
858.9125,YX,Southern Company,-,-,Shelby,AL
859.2875,YX,Southern Company,-,-,Shelby,AL
859.3375,YX,Southern Company,-,-,Shelby,AL
859.3625,YX,Southern Company,-,-,Jefferson,AL
859.3875,YX,Southern Company,-,-,Jefferson,AL
859.6125,YX,Southern Company,-,-,Jefferson,AL
859.7875,YX,Southern Communications Services,-,-,Jefferson,AL
859.8125,YX,Southern Communications Services,-,-,Jefferson,AL
859.8375,YX,Southern Communications Services,-,-,Jefferson,AL
859.8875,YX,Southern Communications Services,-,-,Jefferson,AL
859.9125,YX,Southern Communications Services,-,-,Jefferson,AL
860.2875,YX,Southern Company,-,-,Jefferson,AL
860.3375,YX,Southern Company,-,-,Jefferson,AL
860.3625,YX,Southern Company,-,-,Tuscaloosa,AL
860.3875,YX,Southern Communications Services,-,-,Jefferson,AL
860.6125,YX,Southern Company,-,-,Jefferson,AL
860.7875,YX,Southern Communications Services,-,-,Jefferson,AL
860.8125,YX,Southern Communications Services,-,-,Jefferson,AL
902.25,LN,Bnsf Railway Co.,-,-,Jefferson,AL
903.75,LN,Bnsf Railway Co.,-,-,Jefferson,AL
910,LN,Norfolk Southern Railway Company,-,-,Jefferson,AL
911.5,LN,Bnsf Railway Co.,-,-,Jefferson,AL
912,LN,Bnsf Railway,-,-,Jefferson,AL
914,LN,Bnsf Railway,-,-,Jefferson,AL
915,LN,Csx Transportation Inc,-,-,Marengo,AL
918.5,LN,Csx Transportation Inc,-,-,Marengo,AL
920,LN,Csx Transportation Inc,-,-,Montgomery,AL
927.2875,LN,KE4CAA Ana - HAM,-,-,Jefferson,AL
929.8875,GS,Ams Spectrum Holdings Llc,-,-,Montgomery,AL
931.5875,CD,"	AMS Spectrum Holdings, LLC",-,-,Jefferson,AL
944,AS,"RADIO LICENSE HOLDING CBC, LLC",-,-,Jefferson,AL
944.5,AS,"RADIO LICENSE HOLDING CBC, LLC",-,-,Jefferson,AL
944.875,AS,RICHARDSON BROADCASTING CORPORATION,-,-,Jefferson,AL
945.5,AS,GLEN IRIS BAPTIST SCHOOL,-,-,Jefferson,AL
946.5,AS,"IHM LICENSES, LLC",-,-,Jefferson,AL
947.375,AS,KIMTRON INC,-,-,Jefferson,AL
948,AS,GLEN IRIS BAPTIST SCHOOL,-,-,Jefferson,AL
948.5,AS,"IHM LICENSES, LLC",-,-,Jefferson,AL
949,AS,IHM LICENSES LLC,-,-,Jefferson,AL
949.5,AS,BRIARWOOD PRESBYTERIAN CHURCH,-,-,Jefferson,AL
951,AS,"SM-WAGG, LLC",-,-,Jefferson,AL
951.375,AS,"LOAM MEDIA, INC.",-,-,Jefferson,AL
951.5,AS,"KIMTRON, INC.",-,-,Jefferson,AL
951.625,AS,"LOAM MEDIA, INC.",-,-,Jefferson,AL
952.11875,MG,"Southern Natural Gas Company, LLC",-,-,Jefferson,AL
1282.5,HAM,1200 MHz Ham - HAM,-,-,Jefferson,AL
1283.4,HAM,1200 MHz Ham - HAM,-,-,Jefferson,AL
1285.5,HAM,1200 MHz Ham - HAM,-,-,Jefferson,AL
